,mean,stdev
GenPwr,79.07044187864841,21.448147372935235
GenTq,622.4815501797024,153.66019686837495
rotorRPM,42.76416542125416,2.048106200952308
