,mean,stdev
GenPwr,13.275746783881667,6.240217243409196
GenTq,169.37259898090758,58.7304510848322
rotorRPM,25.022127997829767,3.5339491993149212
