,mean,stdev
GenPwr,13.275746783881562,6.240217243409196
GenTq,169.3725989809076,58.7304510848322
rotorRPM,25.022127997829777,3.5339491993149212
