,mean,median,min,max,std
rotor_speed_[rpm],42.7644726614721,43.441533215845276,36.296738527529016,44.83672905135429,1.6998356368624394
blade_root_flap_moment_[N_m],37115.90249972959,37194.737348847906,16804.811286342217,58330.32869827072,6177.937030390314
generator_torque_[N_m],622.4935643932262,600.5816666666666,372.9833333333333,1149.7600000000002,144.71322488275965
generator_power_[kW],79.07237167014011,77.01116666666665,40.76766666666666,150.09466666666668,20.13171781060072
