,mean,median,min,max,std
rotor_speed_[rpm],25.02228564849237,24.9931156178928,24.2575357209312,25.91554634312054,0.3365545778324672
blade_root_flap_moment_[N_m],9613.23715241356,9793.11794072815,-155065.94046275842,15003.90781837806,3512.3726387013544
generator_torque_[N_m],169.3747402740906,169.36,152.0,186.98833333333334,8.352810354149273
generator_power_[kW],13.275986797889743,13.224833333333335,11.683666666666667,15.213500000000002,0.8164002965637799
