,mean,median,min,max,std
rotor_speed_[rpm],35.878847317729715,35.84930168608002,28.580301873269555,42.64694569055739,3.4292160576904274
blade_root_flap_moment_[N_m],,,,,
generator_torque_[N_m],366.87811147116463,360.245,230.38399999999996,588.258,75.31501178999888
generator_power_[kW],40.09370773662255,38.6596,19.7476,74.27680000000001,11.921141855380192
