,mean,stdev
GenPwr,40.094722232125015,14.494936863515212
GenTq,366.8850483357876,91.26204477881636
rotorRPM,35.879005464140896,4.151063938095826
