,mean,stdev
GenPwr,40.094722232124994,14.494936863515212
GenTq,366.8850483357875,91.26204477881636
rotorRPM,35.879005464140896,4.151063938095826
